Experiment ID,Attack,Parameter,Image Width,Image Height,PSNR,NC,BER,Detection Status,Extracted Watermark,Notes
EXP-01,BASELINE,N/A,800,600,41.35,1.0000,0.0000,DETECTED,BAYU SLAMET HIDAYAT,Baseline embedding
EXP-02,JPEG,90,800,600,58.67,1.0000,0.0000,DETECTED,BAYU SLAMET HIDAYAT,
EXP-03,JPEG,70,800,600,53.46,0.4231,0.2885,DETECTED,[UNREADABLE],
EXP-04,JPEG,50,800,600,43.89,-0.4231,0.7115,DETECTED,[UNREADABLE],
EXP-05,CROP,10,720,540,N/A,0.3846,0.3077,DETECTED,[UNREADABLE],
EXP-06,CROP,25,600,450,N/A,0.4231,0.2885,DETECTED,[UNREADABLE],
EXP-07,RESIZE,75,600,450,N/A,0.3365,0.3317,DETECTED,[UNREADABLE],
EXP-08,RESIZE,50,400,300,N/A,0.4327,0.2837,DETECTED,[UNREADABLE],
EXP-09,GAUSSIAN_NOISE,5,800,600,34.09,1.0000,0.0000,DETECTED,BAYU SLAMET HIDAYAT,
EXP-10,GAUSSIAN_NOISE,10,800,600,28.12,0.8269,0.0865,DETECTED,[UNREADABLE],
EXP-11,GAUSSIAN_NOISE,20,800,600,22.11,0.2981,0.3510,DETECTED,[UNREADABLE],
EXP-12,BRIGHTNESS,-30,800,600,17.89,1.0000,0.0000,DETECTED,BAYU SLAMET HIDAYAT,
EXP-13,BRIGHTNESS,30,800,600,18.15,1.0000,0.0000,DETECTED,BAYU SLAMET HIDAYAT,
EXP-14,CONTRAST,0.7,800,600,30.01,1.0000,0.0000,DETECTED,BAYU SLAMET HIDAYAT,
EXP-15,CONTRAST,1.0,800,600,-1.00,1.0000,0.0000,DETECTED,BAYU SLAMET HIDAYAT,
EXP-16,CONTRAST,1.3,800,600,30.22,1.0000,0.0000,DETECTED,BAYU SLAMET HIDAYAT,
